INSERT INTO department VALUES('01','信息学院','行政楼409','www.xxx.edu.cn');
INSERT INTO department VALUES('02','软件学院',null,null);
INSERT INTO department VALUES('03','理学院',null,null);
INSERT INTO department VALUES('04','文学院',null,null);
INSERT INTO department VALUES('05','外国语学院',null,null);

INSERT INTO student VALUES('170101','宁灿',  '女',19,'ningcan@mail.nwpu.edu.cn','01');
INSERT INTO student VALUES('170102','尹江月','女',19,'yinjiangyue@mail.nwpu.edu.cn','01');
INSERT INTO student VALUES('170103','杨佳伟','男',null,'yangjiawei@mail.nwpu.edu.cn',null);
INSERT INTO student VALUES('170104','杨何宇','男',19,null,'01');
INSERT INTO student VALUES('170105','胡耀斌','男',19,'huyaobin@mail.nwpu.edu.cn',null);
INSERT INTO student VALUES('170106','李杨阳','女',20,'yiyangyang@mail.nwpu.edu.cn','01');
INSERT INTO student VALUES('170107','杜利俊','女',18,'dulijun@mail.nwpu.edu.cn','01');
INSERT INTO student VALUES('170108','钱多多','女',17,null,'01');
INSERT INTO student VALUES('170109','李佳伟','女',null,'lijiawei@mail.nwpu.edu.cn','01');
INSERT INTO student VALUES('170110','吴莫愁','女',21,'wumochou@mail.nwpu.edu.cn','01');
INSERT INTO student VALUES('170111','Sylvan Raine','男',20,'sylvanraine@gmail.com','01');

INSERT INTO student VALUES('170201','安相成','男',19,'anxiangcheng@mail.nwpu.edu.cn','02');
INSERT INTO student VALUES('170202','曹师好','男',null,null,'02');
INSERT INTO student VALUES('170203','雷霆',  '男',18,'leiting@mail.nwpu.edu.cn','02');
INSERT INTO student VALUES('170204','刘书敏','男',20,'liushuman@mail.nwpu.edu.cn','02');
INSERT INTO student VALUES('170205','王兵',  '男',21,null,'02');
INSERT INTO student VALUES('170206','李佳成','男',19,'lijiacheng@mail.nwpu.edu.cn',null);
INSERT INTO student VALUES('170207','唐玉迎','女',17,'tangyuying@mail.nwpu.edu.cn','02');
INSERT INTO student VALUES('170208','杨曼婷','女',19,null,'02');

INSERT INTO student VALUES('170301','张望',  '男',21,'zhangwang@mail.nwpu.edu.cn','03');
INSERT INTO student VALUES('170302','王芳',  '女',18,null,'03');
INSERT INTO student VALUES('170303','赵四海','男',19,'zhaosihai@mail.nwpu.edu.cn','03');

INSERT INTO student VALUES('170401','孙敏',  '女',null,'sunmin@mail.nwpu.edu.cn',null);
INSERT INTO student VALUES('170402','李忠国','男',null,null,'04');
INSERT INTO student VALUES('170403','钱紧',  '男',17,null,'04');
INSERT INTO student VALUES('170404','钱多多','女',20,'qianduoduo@mail.nwpu.edu.cn','04');
INSERT INTO student VALUES('170405','管八方','男',21,null,'04');
INSERT INTO student VALUES('170406','王兵',  '男',19,'wangbing@mail.nwpu.edu.cn','04');
INSERT INTO student VALUES('170407','张三丰','男',100,'zhangsanfeng@mail.nwpu.edu.cn',null);

INSERT INTO course VALUES('030101','高等数学',null,2,'03');
INSERT INTO course VALUES('030102','线性代数',null,2,'03');
INSERT INTO course VALUES('030201','矩阵论','030102',3,'03');
INSERT INTO course VALUES('030202','概率论','030101',2,'03');
INSERT INTO course VALUES('030301','数理统计','030202',3,'03');

INSERT INTO course VALUES('010101','信号与系统',null,2,'01');
INSERT INTO course VALUES('010102','数字电路','010101',2,'01');
INSERT INTO course VALUES('010103','数字信号处理','030301',3,'01');
INSERT INTO course VALUES('010201','模式识别','010103',3,'01');

INSERT INTO course VALUES('020101','离散数学',null,2,'02');
INSERT INTO course VALUES('020102','程序设计基础',null,2,'02');
INSERT INTO course VALUES('020201','计算机组成原理','020101',3,'02');
INSERT INTO course VALUES('020202','面向对象程序设计','020102',2,'02');
INSERT INTO course VALUES('020203','编译原理','020101',2,'02');
INSERT INTO course VALUES('020301','数据结构','020202',3,'02');
INSERT INTO course VALUES('020302','操作系统','020201',3,'02');
INSERT INTO course VALUES('020401','数据库系统','020301',3,'02');
INSERT INTO course VALUES('020402','算法设计与分析','020301',3,'02');
INSERT INTO course VALUES('020403','形式语言与自动机','020203',3,'02');
INSERT INTO course VALUES('020501','移动计算','020102',2,'02');

INSERT INTO course VALUES('040101','中国传统文化',null,1,'04');
INSERT INTO course VALUES('040102','近代世界史',null,1,'04');
INSERT INTO course VALUES('040103','现代文学',null,1,'04');
INSERT INTO course VALUES('040201','古典文学欣赏','040101',2,'04');
INSERT INTO course VALUES('040202','世界文学','040103',2,'04');
INSERT INTO course VALUES('040301','中国诗词欣赏','040201',2,'04');
INSERT INTO course VALUES('040302','中国诗词大会','040201',null,'04');

INSERT INTO score VALUES ('170101','030101',91,to_date('2016-01-08','yyyy-mm-dd'));
INSERT INTO score VALUES ('170101','030102',83,to_date('2016-07-10','yyyy-mm-dd'));
INSERT INTO score VALUES ('170101','020101',88,to_date('2016-07-02','yyyy-mm-dd'));
INSERT INTO score VALUES ('170101','020102',92,to_date('2017-01-10','yyyy-mm-dd'));
INSERT INTO score VALUES ('170101','020201',70,to_date('2017-01-10','yyyy-mm-dd'));
INSERT INTO score VALUES ('170101','020202',80,to_date('2017-01-10','yyyy-mm-dd'));
INSERT INTO score VALUES ('170101','020203',null,null);
INSERT INTO score VALUES ('170101','020301',null,null);
INSERT INTO score VALUES ('170101','020302',null,null);
INSERT INTO score VALUES ('170101','020401',null,null);
INSERT INTO score VALUES ('170101','020402',null,null);

INSERT INTO score VALUES ('170102','030101',88,to_date('2016-01-08','yyyy-mm-dd'));
INSERT INTO score VALUES ('170102','030102',86,to_date('2016-07-10','yyyy-mm-dd'));
INSERT INTO score VALUES ('170102','030201',58,to_date('2016-01-08','yyyy-mm-dd'));
INSERT INTO score VALUES ('170102','030202',90,to_date('2016-07-10','yyyy-mm-dd'));
INSERT INTO score VALUES ('170102','030301',70,to_date('2016-07-02','yyyy-mm-dd'));
INSERT INTO score VALUES ('170102','010101',85,to_date('2017-01-10','yyyy-mm-dd'));
INSERT INTO score VALUES ('170102','010102',68,to_date('2017-01-10','yyyy-mm-dd'));
INSERT INTO score VALUES ('170102','010103',80,to_date('2017-01-10','yyyy-mm-dd'));
INSERT INTO score VALUES ('170102','010201',78, to_date('2016-01-08','yyyy-mm-dd'));

INSERT INTO score VALUES ('170103','030101',88,to_date('2016-01-08','yyyy-mm-dd'));
INSERT INTO score VALUES ('170103','030102',80,to_date('2016-07-10','yyyy-mm-dd'));
INSERT INTO score VALUES ('170103','030202',76,to_date('2016-07-02','yyyy-mm-dd'));
INSERT INTO score VALUES ('170103','010101',90,to_date('2017-01-10','yyyy-mm-dd'));
INSERT INTO score VALUES ('170103','010102',83,to_date('2016-01-08','yyyy-mm-dd'));
INSERT INTO score VALUES ('170103','010103',55,to_date('2016-07-10','yyyy-mm-dd'));
INSERT INTO score VALUES ('170103','010201',77,to_date('2016-07-02','yyyy-mm-dd'));
INSERT INTO score VALUES ('170108','030101',90,to_date('2017-01-10','yyyy-mm-dd'));
INSERT INTO score VALUES ('170108','030102',87,to_date('2017-01-10','yyyy-mm-dd'));
INSERT INTO score VALUES ('170108','030202',78,to_date('2017-01-10','yyyy-mm-dd'));
INSERT INTO score VALUES ('170108','010101',57,to_date('2016-01-08','yyyy-mm-dd'));
INSERT INTO score VALUES ('170108','010102',56,to_date('2016-07-10','yyyy-mm-dd'));
INSERT INTO score VALUES ('170108','010103',54,to_date('2016-07-02','yyyy-mm-dd'));
INSERT INTO score VALUES ('170108','010201',50,to_date('2017-01-10','yyyy-mm-dd'));
INSERT INTO score VALUES ('170104','030101',null,null);
INSERT INTO score VALUES ('170105','030101',null,null);

INSERT INTO score VALUES ('170110','030101',90,to_date('2016-01-08','yyyy-mm-dd'));
INSERT INTO score VALUES ('170110','030102',90,to_date('2016-07-10','yyyy-mm-dd'));
INSERT INTO score VALUES ('170110','010101',88,to_date('2016-07-02','yyyy-mm-dd'));
INSERT INTO score VALUES ('170110','010102',88,to_date('2017-01-10','yyyy-mm-dd'));
INSERT INTO score VALUES ('170110','010103',77,to_date('2017-01-10','yyyy-mm-dd'));
INSERT INTO score VALUES ('170201','030101',88,to_date('2016-01-08','yyyy-mm-dd'));
INSERT INTO score VALUES ('170201','030102',83,to_date('2016-07-10','yyyy-mm-dd'));
INSERT INTO score VALUES ('170201','020101',79,to_date('2016-07-02','yyyy-mm-dd'));
INSERT INTO score VALUES ('170201','020102',84,to_date('2017-01-10','yyyy-mm-dd'));
INSERT INTO score VALUES ('170201','020201',75,to_date('2017-01-10','yyyy-mm-dd'));
INSERT INTO score VALUES ('170201','020202',80,to_date('2017-01-10','yyyy-mm-dd'));
INSERT INTO score VALUES ('170201','020301',82,to_date('2016-01-08','yyyy-mm-dd'));
INSERT INTO score VALUES ('170201','020302',53,to_date('2016-07-10','yyyy-mm-dd'));
INSERT INTO score VALUES ('170201','020401',78,to_date('2016-07-02','yyyy-mm-dd'));
INSERT INTO score VALUES ('170201','020402',58,to_date('2017-01-10','yyyy-mm-dd'));
INSERT INTO score VALUES ('170202','030101',86,to_date('2017-01-10','yyyy-mm-dd'));
INSERT INTO score VALUES ('170202','030102',82,to_date('2017-01-10','yyyy-mm-dd'));
INSERT INTO score VALUES ('170202','020101',90,to_date('2016-01-08','yyyy-mm-dd'));
INSERT INTO score VALUES ('170202','020102',85,to_date('2016-07-10','yyyy-mm-dd'));
INSERT INTO score VALUES ('170202','020201',80,to_date('2016-07-02','yyyy-mm-dd'));
INSERT INTO score VALUES ('170202','020202',78,to_date('2017-01-10','yyyy-mm-dd'));
INSERT INTO score VALUES ('170202','020203',75,to_date('2017-01-10','yyyy-mm-dd'));
INSERT INTO score VALUES ('170202','020301',70,to_date('2017-01-10','yyyy-mm-dd'));
INSERT INTO score VALUES ('170202','020302',68,to_date('2016-01-08','yyyy-mm-dd'));
INSERT INTO score VALUES ('170202','020401',80,to_date('2016-07-10','yyyy-mm-dd'));
INSERT INTO score VALUES ('170202','020402',56,to_date('2016-07-02','yyyy-mm-dd'));
INSERT INTO score VALUES ('170205','030101',80,to_date('2017-01-10','yyyy-mm-dd'));
INSERT INTO score VALUES ('170205','030102',55,to_date('2017-01-10','yyyy-mm-dd'));
INSERT INTO score VALUES ('170205','020101',50,to_date('2017-01-10','yyyy-mm-dd'));
INSERT INTO score VALUES ('170205','020102',96,to_date('2016-01-08','yyyy-mm-dd'));
INSERT INTO score VALUES ('170205','020201',80,to_date('2016-07-10','yyyy-mm-dd'));
INSERT INTO score VALUES ('170205','020202',85,to_date('2016-07-02','yyyy-mm-dd'));
INSERT INTO score VALUES ('170205','020203',60,to_date('2017-01-10','yyyy-mm-dd'));
INSERT INTO score VALUES ('170205','020301',88,to_date('2017-01-10','yyyy-mm-dd'));
INSERT INTO score VALUES ('170205','020302',92,to_date('2017-01-10','yyyy-mm-dd'));
INSERT INTO score VALUES ('170205','020401',65,to_date('2016-01-08','yyyy-mm-dd'));
INSERT INTO score VALUES ('170205','020402',70,to_date('2016-07-10','yyyy-mm-dd'));
INSERT INTO score VALUES ('170205','020501',80,to_date('2016-07-02','yyyy-mm-dd'));
INSERT INTO score VALUES ('170208','030101',60,to_date('2016-01-08','yyyy-mm-dd'));
INSERT INTO score VALUES ('170303','030101',90,to_date('2016-01-08','yyyy-mm-dd'));
INSERT INTO score VALUES ('170303','030102',88,to_date('2016-07-10','yyyy-mm-dd'));
INSERT INTO score VALUES ('170303','030201',92,to_date('2016-07-02','yyyy-mm-dd'));
INSERT INTO score VALUES ('170303','030202',93,to_date('2017-01-10','yyyy-mm-dd'));
INSERT INTO score VALUES ('170303','030301',94,to_date('2017-01-10','yyyy-mm-dd'));
INSERT INTO score VALUES ('170401','040101',82,to_date('2017-01-10','yyyy-mm-dd'));
INSERT INTO score VALUES ('170401','040102',80,to_date('2016-01-08','yyyy-mm-dd'));
INSERT INTO score VALUES ('170401','040103',83,to_date('2016-07-10','yyyy-mm-dd'));
INSERT INTO score VALUES ('170401','040201',89,to_date('2016-07-02','yyyy-mm-dd'));
INSERT INTO score VALUES ('170401','040202',70,to_date('2016-01-08','yyyy-mm-dd'));
INSERT INTO score VALUES ('170403','040201',95,to_date('2016-07-10','yyyy-mm-dd'));
INSERT INTO score VALUES ('170403','040202',88,to_date('2016-07-02','yyyy-mm-dd'));
INSERT INTO score VALUES ('170403','040301',80,to_date('2017-01-10','yyyy-mm-dd'));
INSERT INTO score VALUES ('170404','040101',95,to_date('2017-01-10','yyyy-mm-dd'));
INSERT INTO score VALUES ('170404','040102',91,to_date('2017-01-10','yyyy-mm-dd'));
INSERT INTO score VALUES ('170404','040103',89,to_date('2016-01-08','yyyy-mm-dd'));
INSERT INTO score VALUES ('170404','040201',93,to_date('2016-07-10','yyyy-mm-dd'));
INSERT INTO score VALUES ('170404','040202',92,to_date('2016-07-02','yyyy-mm-dd'));
INSERT INTO score VALUES ('170404','040301',88,to_date('2017-01-10','yyyy-mm-dd'));
INSERT INTO score VALUES ('170405','040102',70,to_date('2017-01-10','yyyy-mm-dd'));
INSERT INTO score VALUES ('170405','040201',58,to_date('2017-01-10','yyyy-mm-dd'));
INSERT INTO score VALUES ('170405','040202',66,to_date('2016-01-08','yyyy-mm-dd'));
INSERT INTO score VALUES ('170405','040301',77,to_date('2016-07-10','yyyy-mm-dd'));
INSERT INTO score VALUES ('170406','040101',55,to_date('2016-07-02','yyyy-mm-dd'));
INSERT INTO score VALUES ('170406','040102',65,to_date('2017-01-10','yyyy-mm-dd'));
INSERT INTO score VALUES ('170406','040301',75,to_date('2017-01-10','yyyy-mm-dd'));
INSERT INTO score VALUES ('170203','030101',null,null);
INSERT INTO score VALUES ('170203','030102',null,null);
INSERT INTO score VALUES ('170401','040301',null,null);
INSERT INTO score VALUES ('170207','030102',null,null);
INSERT INTO score VALUES ('170207','030101',null,null);
INSERT INTO score VALUES ('170208','030102',null,null);
INSERT INTO score VALUES ('170208','020101',null,null);
INSERT INTO score VALUES ('170208','020102',null,null);
INSERT INTO score VALUES ('170208','020201',null,null);
INSERT INTO score VALUES ('170208','020202',null,null);
INSERT INTO score VALUES ('170208','020301',null,null);
INSERT INTO score VALUES ('170208','020302',null,null);
INSERT INTO score VALUES ('170208','020401',null,null);
INSERT INTO score VALUES ('170208','020402',null,null);
INSERT INTO score VALUES ('170208','020501',null,null);

INSERT INTO users VALUES ('Sylvan Raine', 'sylvan-raine', '123456');
